,precision,recall,f1-score,support
Safe Flight,0.9730010384215991,0.9978700745473909,0.9852786540483701,939.0
High Risk Flight,0.9459459459459459,0.5737704918032787,0.7142857142857143,61.0
accuracy,0.972,0.972,0.972,0.972
macro avg,0.9594734921837725,0.7858202831753347,0.8497821841670422,1000.0
weighted avg,0.9713506777805843,0.972,0.9687480847228481,1000.0
